"id","repl","q1","c1","q2","x1","x2","x1bl"
1,1,4.46619616047783,0,1.3286068331726,3.69313650204826,1,3.69313650204826
1,2,3.5038772343602,0,1.53539894222555,3.74313650204826,1,3.69313650204826
1,3,3.76040103011387,0,1.35227712926804,3.79313650204826,1,3.69313650204826
1,4,4.16618475832155,0,1.28729379517348,3.84313650204826,1,3.69313650204826
2,1,1.94975263449348,0,3.68537048694908,4.09508079715506,1,4.09508079715506
2,2,2.05714454921034,0,3.39940659541821,4.14508079715505,0,4.09508079715506
2,3,2.41902140910189,0,3.45306912909199,4.19508079715505,0,4.09508079715506
2,4,2.3575050640404,0,3.4094130997407,4.24508079715506,0,4.09508079715506
3,1,3.47123002474496,0,1.94300849302931,4.0425534727481,0,4.0425534727481
3,2,3.80591469009226,0,1.73667323939642,4.0925534727481,0,4.0425534727481
3,3,3.36749058509519,0,1.45929349745245,4.1425534727481,1,4.0425534727481
3,4,2.64046612473297,0,1.89004665539881,4.1925534727481,1,4.0425534727481
4,1,2.39013041801067,0,1.48259141478352,5.24389631233199,1,5.24389631233199
4,2,1.5081554215807,1,1.4850299273902,5.29389631233199,1,5.24389631233199
4,3,1.5081554215807,1,1.56254920474735,5.34389631233199,0,5.24389631233199
4,4,2.43183864870092,0,0.77756903596957,5.39389631233199,1,5.24389631233199
5,1,5.72643396582329,0,1.027848126831,3.89730359166307,1,3.89730359166307
5,2,4.76368666093235,0,1.28349519257635,3.94730359166307,1,3.89730359166307
5,3,3.26126366372847,0,1.13348847621217,3.99730359166307,1,3.89730359166307
5,4,4.69319558865313,0,0.829747780632632,4.04730359166307,1,3.89730359166307
6,1,2.82926184641069,0,0.291450272515114,4.13083726282022,1,4.13083726282022
6,2,4.27792217241151,0,0.629165722760503,4.18083726282022,1,4.13083726282022
6,3,4.37500505893924,0,0.977586187395585,4.23083726282022,0,4.13083726282022
6,4,5.3903515970534,0,0.775999494648782,4.28083726282022,0,4.13083726282022
7,1,3.01995712883255,0,1.67670659194003,3.64644605279935,0,3.64644605279935
7,2,2.5646606999361,0,1.80422422770593,3.69644605279935,0,3.64644605279935
7,3,4.71643818166145,0,1.40282921468352,3.74644605279935,1,3.64644605279935
7,4,5.11110207289663,0,1.04288538697128,3.79644605279935,1,3.64644605279935
8,1,3.74384800621953,0,1.16441399831737,3.77973996795842,1,3.77973996795842
8,2,3.72993657172911,0,1.51681800195705,3.82973996795842,1,3.77973996795842
8,3,4.56456834802721,0,1.35869545858557,3.87973996795842,1,3.77973996795842
8,4,3.95077678860309,0,1.88403461145841,3.92973996795842,0,3.77973996795842
9,1,4.50742918084976,0,0.870770193643058,3.46234364863483,0,3.46234364863483
9,2,3.5705144291865,0,1.07495880152124,3.51234364863483,0,3.46234364863483
9,3,1.60658166880401,0,1.5740501399425,3.56234364863483,1,3.46234364863483
9,4,2.22309587286697,0,1.78886808025019,3.61234364863483,0,3.46234364863483
10,1,2.64110672760989,0,2.18598687823248,4.49661067662398,1,4.49661067662398
10,2,1.67182319306327,0,1.65396801824957,4.54661067662398,1,4.49661067662398
10,3,2.72055925368615,0,1.46661929816087,4.59661067662398,0,4.49661067662398
10,4,3.33999919924572,0,1.29384486434893,4.64661067662399,0,4.49661067662398
11,1,3.03783351971466,0,2.25218750728117,4.9994834863726,0,4.9994834863726
11,2,3.16047763662272,0,2.11284455272101,5.0494834863726,0,4.9994834863726
11,3,2.35238163494884,0,2.15330557914588,5.0994834863726,1,4.9994834863726
11,4,3.54908018065398,0,2.09295563764501,5.1494834863726,0,4.9994834863726
12,1,3.19757841626895,0,2.31346731214444,3.58467825095531,1,3.58467825095531
12,2,3.41233975431082,0,1.72567986389928,3.63467825095531,1,3.58467825095531
12,3,3.92706202131401,0,1.97469167700213,3.68467825095531,1,3.58467825095531
12,4,4.83748029449229,0,2.37139617204834,3.73467825095531,1,3.58467825095531
13,1,2.96597729871578,0,2.13031969142274,3.06623558415506,0,3.06623558415506
13,2,2.36483409275188,0,2.27162600623344,3.11623558415506,1,3.06623558415506
13,3,3.00166197046923,0,2.39738232190749,3.16623558415506,1,3.06623558415506
13,4,4.0062303704969,0,2.47318614410925,3.21623558415506,0,3.06623558415506
14,1,2.92146574062887,0,2.67079604707339,3.75450779683869,0,3.75450779683869
14,2,2.65777973451293,0,2.26309388132452,3.80450779683869,1,3.75450779683869
14,3,1.68174592315882,0,2.30723490514734,3.85450779683869,1,3.75450779683869
14,4,1.5081554215807,1,2.71488627563589,3.90450779683869,1,3.75450779683869
15,1,1.56417396480758,0,1.80007442553302,5.17443483134546,0,5.17443483134546
15,2,2.45206315944297,0,1.26049807222536,5.22443483134546,0,5.17443483134546
15,3,2.27683527772748,0,1.64616133417447,5.27443483134546,1,5.17443483134546
15,4,2.74570048007002,0,1.75410701860364,5.32443483134546,1,5.17443483134546
16,1,4.85584103884754,0,0.813567532660631,3.5867417900688,0,3.5867417900688
16,2,4.58444834109673,0,1.14098220666615,3.6367417900688,0,3.5867417900688
16,3,3.62703025236878,0,1.58694418015107,3.6867417900688,1,3.5867417900688
16,4,4.9215810901721,0,1.43870030726958,3.7367417900688,0,3.5867417900688
17,1,1.5081554215807,1,2.58706747815658,3.51597139656672,0,3.51597139656672
17,2,4.75376303878543,0,1.99957765040226,3.56597139656672,1,3.51597139656672
17,3,3.37653960888477,0,2.13943007854175,3.61597139656672,1,3.51597139656672
17,4,5.43291356381706,0,2.0135533291236,3.66597139656672,1,3.51597139656672
18,1,1.5081554215807,1,2.49506209253273,3.7329961389307,1,3.7329961389307
18,2,2.29980967193681,0,2.42514589221629,3.7829961389307,1,3.7329961389307
18,3,3.23059337185332,0,2.17293079592979,3.8329961389307,0,3.7329961389307
18,4,2.02416905872422,0,2.78714113617749,3.8829961389307,1,3.7329961389307
19,1,2.74121773039782,0,2.61988978984494,4.56032511462007,0,4.56032511462007
19,2,1.5081554215807,1,2.94682801562625,4.61032511462007,0,4.56032511462007
19,3,2.82642383554034,0,2.70361750955365,4.66032511462007,0,4.56032511462007
19,4,3.30573501125605,0,2.46219926415971,4.71032511462007,0,4.56032511462007
20,1,4.03023891530902,0,1.88146207415961,4.26929043867592,0,4.26929043867592
20,2,2.88350554830328,0,1.6556178856534,4.31929043867592,1,4.26929043867592
20,3,4.09974120851719,0,1.86700323765868,4.36929043867592,1,4.26929043867592
20,4,4.61449610633043,0,1.00402014666886,4.41929043867592,1,4.26929043867592
21,1,2.83474956178124,0,1.83831278012087,2.54287155707592,1,2.54287155707592
21,2,3.37507933153867,0,2.34670011150652,2.59287155707592,1,2.54287155707592
21,3,2.74816661038225,0,2.08824244640812,2.64287155707592,1,2.54287155707592
21,4,4.32331004157217,0,1.93985518504625,2.69287155707592,0,2.54287155707592
22,1,1.77479462822217,0,2.82040567155431,4.37455763212528,1,4.37455763212528
22,2,1.63887855790766,0,3.47921076102035,4.42455763212528,1,4.37455763212528
22,3,1.75998017838099,0,3.30903847079832,4.47455763212528,1,4.37455763212528
22,4,1.82259680855338,0,3.07727142512045,4.52455763212528,1,4.37455763212528
23,1,3.56345166435598,0,1.39664350944895,2.9205040581565,0,2.9205040581565
23,2,2.73254729768997,0,2.32215533202612,2.9705040581565,0,2.9205040581565
23,3,1.9916567859439,0,2.04000806365615,3.0205040581565,0,2.9205040581565
23,4,3.52554886179593,0,1.46144503480805,3.0705040581565,1,2.9205040581565
24,1,4.0178059325195,0,1.36211430558127,4.98964629876345,1,4.98964629876345
24,2,4.60272094585167,0,1.45604129836237,5.03964629876345,1,4.98964629876345
24,3,4.4249391157466,0,1.65986030908811,5.08964629876345,1,4.98964629876345
24,4,4.0748230783335,0,1.37874507664986,5.13964629876345,0,4.98964629876345
25,1,5.0645601570978,0,1.10100276331079,2.92942284198065,0,2.92942284198065
25,2,5.15449733358614,0,0.743502166334401,2.97942284198065,1,2.92942284198065
25,3,5.6105658131336,0,0.659369311018277,3.02942284198065,0,2.92942284198065
25,4,4.17335249763307,0,0.122320297808433,3.07942284198065,1,2.92942284198065
26,1,1.5081554215807,1,2.47495153606405,2.50636335759698,0,2.50636335759698
26,2,1.5081554215807,1,2.86094768165649,2.55636335759698,1,2.50636335759698
26,3,1.8754295893224,0,2.43481555292482,2.60636335759698,0,2.50636335759698
26,4,2.34141207409343,0,2.51498262722852,2.65636335759698,1,2.50636335759698
27,1,1.5081554215807,1,1.8045481818169,3.73433997842066,0,3.73433997842066
27,2,1.5081554215807,1,1.61940340289888,3.78433997842065,1,3.73433997842066
27,3,3.02457768316244,0,1.90668780173585,3.83433997842066,0,3.73433997842066
27,4,2.07307124878701,0,1.28529763978728,3.88433997842065,1,3.73433997842066
28,1,5.02592362521053,0,1.79079689993763,5.05055771943531,1,5.05055771943531
28,2,4.55412137100728,0,1.78250307445339,5.10055771943531,0,5.05055771943531
28,3,4.36730835984425,0,1.33159583282763,5.15055771943531,1,5.05055771943531
28,4,4.13183883775275,0,1.52158802644303,5.20055771943531,1,5.05055771943531
29,1,2.90755232278888,0,1.99729243287626,4.35665110155563,0,4.35665110155563
29,2,3.63304160910273,0,1.75912039517731,4.40665110155563,1,4.35665110155563
29,3,3.92386015608169,0,1.69042916873581,4.45665110155563,1,4.35665110155563
29,4,4.28387734223972,0,1.41462573512465,4.50665110155563,0,4.35665110155563
30,1,4.85412952445215,0,0.161473555465057,4.60878012466012,1,4.60878012466012
30,2,3.70715453599984,0,0.99508874879081,4.65878012466012,1,4.60878012466012
30,3,2.08847601310162,0,1.05908685634876,4.70878012466012,0,4.60878012466012
30,4,2.11803810891151,0,1.3761185950939,4.75878012466012,0,4.60878012466012
31,1,3.86240642454234,0,1.17463466957922,2.47147653069964,1,2.47147653069964
31,2,2.40902947876831,0,2.24512772062185,2.52147653069964,0,2.47147653069964
31,3,2.55166284045878,0,1.51307788095086,2.57147653069964,0,2.47147653069964
31,4,3.90857363054337,0,1.7891340061364,2.62147653069964,0,2.47147653069964
32,1,2.99834899016325,0,1.55528570706599,2.87702507928919,1,2.87702507928919
32,2,3.26799112462068,0,2.28203647469883,2.92702507928918,0,2.87702507928919
32,3,4.4768868071891,0,1.82036840240371,2.97702507928919,0,2.87702507928919
32,4,5.67539580113628,0,1.346920052824,3.02702507928919,0,2.87702507928919
33,1,1.69453282085847,0,2.23648105634239,4.15527559094474,0,4.15527559094474
33,2,2.28027711119132,0,2.45976514870231,4.20527559094474,0,4.15527559094474
33,3,1.92112155706858,0,2.48429064314982,4.25527559094474,1,4.15527559094474
33,4,2.1431086610598,0,2.15601543815648,4.30527559094474,0,4.15527559094474
34,1,1.5081554215807,1,2.39096954759302,2.66555392073752,1,2.66555392073752
34,2,1.5081554215807,1,2.81745540925555,2.71555392073752,0,2.66555392073752
34,3,1.71588313890029,0,3.03497303285599,2.76555392073752,1,2.66555392073752
34,4,1.5081554215807,1,3.38139726298572,2.81555392073752,0,2.66555392073752
35,1,1.98326664877903,0,2.37706630412069,4.08153356068246,0,4.08153356068246
35,2,2.95987422181753,0,2.19972635165276,4.13153356068246,1,4.08153356068246
35,3,4.51748582592668,0,1.63339018166638,4.18153356068246,0,4.08153356068246
35,4,5.25812600013661,0,1.89254848768922,4.23153356068246,1,4.08153356068246
36,1,1.5716403940662,0,2.74091597781306,3.23817038332033,0,3.23817038332033
36,2,4.05612901763838,0,2.87429715096431,3.28817038332033,0,3.23817038332033
36,3,3.66454948067148,0,2.92375168478439,3.33817038332033,0,3.23817038332033
36,4,3.58257732606478,0,3.44439582387832,3.38817038332033,1,3.23817038332033
37,1,2.49105997458365,0,2.60618500081522,4.77964787713582,1,4.77964787713582
37,2,2.23931032792617,0,2.08108891907455,4.82964787713582,1,4.77964787713582
37,3,4.09310846831124,0,2.21877738351209,4.87964787713582,0,4.77964787713582
37,4,2.24248636517387,0,2.43106506119618,4.92964787713582,1,4.77964787713582
38,1,4.88424728717933,0,1.81647216644162,3.93223820436045,1,3.93223820436045
38,2,7.16819944128033,0,1.29570851101231,3.98223820436045,0,3.93223820436045
38,3,6.34369849899377,0,1.27613408201832,4.03223820436045,0,3.93223820436045
38,4,7.78629964659834,0,1.27806786016375,4.08223820436045,0,3.93223820436045
39,1,2.93479588081822,0,2.15849755775047,3.55584613902173,1,3.55584613902173
39,2,4.2743062567651,0,1.86154488560398,3.60584613902173,0,3.55584613902173
39,3,3.77089627200838,0,1.6666279182546,3.65584613902173,0,3.55584613902173
39,4,4.37820646599746,0,1.57199163660728,3.70584613902173,1,3.55584613902173
40,1,4.84487411139849,0,1.03337224473661,4.462481608207,1,4.462481608207
40,2,3.74502386673696,0,1.24250436396387,4.512481608207,1,4.462481608207
40,3,2.77501154029707,0,1.56914867014787,4.562481608207,1,4.462481608207
40,4,3.1684933361037,0,2.26710528507237,4.612481608207,0,4.462481608207
41,1,2.30884545003992,0,2.23323366339011,5.76410241694986,1,5.76410241694986
41,2,1.53508740487093,0,2.52775656018525,5.81410241694986,1,5.76410241694986
41,3,1.5081554215807,1,2.19668694349144,5.86410241694986,1,5.76410241694986
41,4,1.5081554215807,1,2.80086704325428,5.91410241694986,1,5.76410241694986
42,1,3.52326386272922,0,2.24493660233452,4.85121551589521,1,4.85121551589521
42,2,4.65968172719509,0,1.32182482166499,4.90121551589521,0,4.85121551589521
42,3,4.88472585372152,0,1.46954428049371,4.95121551589521,1,4.85121551589521
42,4,5.66749934326185,0,1.43587244105825,5.00121551589521,0,4.85121551589521
43,1,4.8016575839864,0,2.30635672878814,5.49766080115765,0,5.49766080115765
43,2,2.78360030926089,0,2.07980696445414,5.54766080115765,1,5.49766080115765
43,3,2.54519911899656,0,1.89897402162157,5.59766080115765,1,5.49766080115765
43,4,3.830026015551,0,1.90259910679478,5.64766080115766,1,5.49766080115765
44,1,1.5081554215807,1,1.68955600939359,4.16202547591778,1,4.16202547591778
44,2,1.5081554215807,1,1.89855700441979,4.21202547591778,0,4.16202547591778
44,3,2.32370642892692,0,1.94140423172449,4.26202547591778,1,4.16202547591778
44,4,1.77372108359395,0,1.55728288635719,4.31202547591778,1,4.16202547591778
45,1,4.23597973458987,0,1.46757177879451,4.33437337133832,1,4.33437337133832
45,2,4.1940410880135,0,1.47323057436645,4.38437337133832,1,4.33437337133832
45,3,1.5081554215807,1,2.10505338970848,4.43437337133832,1,4.33437337133832
45,4,2.08264210494418,0,2.08813356865788,4.48437337133832,0,4.33437337133832
46,1,3.64211969711799,0,1.86412253544021,4.68488057654617,1,4.68488057654617
46,2,5.19804025771651,0,1.27885154577744,4.73488057654617,0,4.68488057654617
46,3,5.40682225741937,0,1.06669090890481,4.78488057654617,1,4.68488057654617
46,4,6.26867244857614,0,0.587505429239387,4.83488057654617,0,4.68488057654617
47,1,3.11786696109079,0,1.81342699844241,4.32171045922162,1,4.32171045922162
47,2,2.99970517255979,0,2.21605371728692,4.37171045922162,1,4.32171045922162
47,3,2.41841047647257,0,2.48964851861103,4.42171045922162,1,4.32171045922162
47,4,2.60679730573068,0,1.87293139219217,4.47171045922162,1,4.32171045922162
48,1,5.0427915255246,0,0.735820840677431,5.82771545667323,0,5.82771545667323
48,2,3.62931699069562,0,0.800577896208454,5.87771545667323,0,5.82771545667323
48,3,4.60316484413156,0,0.630232734265213,5.92771545667323,0,5.82771545667323
48,4,3.5129468089895,0,0.785539338322774,5.97771545667323,0,5.82771545667323
49,1,3.26922526827867,0,2.38818881693196,6.14940561800228,0,6.14940561800228
49,2,2.35854845438393,0,2.33780464483875,6.19940561800228,1,6.14940561800228
49,3,4.31987824881764,0,1.92523580937611,6.24940561800228,1,6.14940561800228
49,4,3.40800837306781,0,1.67702123099731,6.29940561800229,0,6.14940561800228
50,1,1.7787040012995,0,2.85069574455649,5.75541689924193,1,5.75541689924193
50,2,1.70520247083912,0,3.23871598596626,5.80541689924193,0,5.75541689924193
50,3,1.79864424186241,0,2.53810475600487,5.85541689924193,1,5.75541689924193
50,4,1.72149027589201,0,2.48858097207526,5.90541689924193,1,5.75541689924193
51,1,3.94265936557749,0,0.968756814494384,4.07246968668993,1,4.07246968668993
51,2,1.5081554215807,1,1.8218181064552,4.12246968668993,1,4.07246968668993
51,3,2.40564005815755,0,1.80573178314949,4.17246968668993,0,4.07246968668993
51,4,1.5081554215807,1,1.75400903290293,4.22246968668993,1,4.07246968668993
52,1,3.37043824689431,0,2.5110872791137,2.94825586535717,0,2.94825586535717
52,2,2.87639020725417,0,2.95791570433046,2.99825586535717,1,2.94825586535717
52,3,3.57086514231988,0,2.31962645069014,3.04825586535717,1,2.94825586535717
52,4,2.06675245190134,0,2.35979297242387,3.09825586535717,1,2.94825586535717
53,1,3.56214986087665,0,0.923713464435522,5.08501404421481,0,5.08501404421481
53,2,2.37737682316898,0,1.2038541883974,5.13501404421481,1,5.08501404421481
53,3,1.5081554215807,1,1.4696906599888,5.18501404421481,0,5.08501404421481
53,4,2.58289397162135,0,1.32622002985435,5.23501404421481,0,5.08501404421481
54,1,5.4848579622307,0,1.8307680775136,3.32543790792931,0,3.32543790792931
54,2,5.69101731645162,0,2.10391736881501,3.37543790792931,0,3.32543790792931
54,3,2.4527815850944,0,2.4047806042364,3.42543790792931,1,3.32543790792931
54,4,2.36932586019627,0,2.45615255879821,3.47543790792931,1,3.32543790792931
55,1,4.06295175159375,0,1.97899502626561,3.73456507772682,0,3.73456507772682
55,2,2.86354095107564,0,1.93705794851771,3.78456507772682,1,3.73456507772682
55,3,3.85384386401291,0,1.90954225067448,3.83456507772682,1,3.73456507772682
55,4,2.82187972330918,0,1.73328154736512,3.88456507772682,0,3.73456507772682
56,1,3.28301942553071,0,2.65589940391518,3.88692085969827,0,3.88692085969827
56,2,1.5081554215807,1,2.92859907122856,3.93692085969827,1,3.88692085969827
56,3,3.69903592237567,0,2.73647674443997,3.98692085969827,1,3.88692085969827
56,4,2.79949293242346,0,2.87101316691916,4.03692085969827,1,3.88692085969827
57,1,4.24380286378285,0,2.64062413669573,5.24418704042383,0,5.24418704042383
57,2,2.15087864755939,0,2.54343585517036,5.29418704042383,1,5.24418704042383
57,3,6.0209279297658,0,2.38578427733651,5.34418704042383,0,5.24418704042383
57,4,3.6676842736328,0,2.36448445331527,5.39418704042383,1,5.24418704042383
58,1,6.24693856321837,0,0.665068913114529,3.25181711451996,0,3.25181711451996
58,2,4.83080729521064,0,1.31076508083417,3.30181711451996,1,3.25181711451996
58,3,6.17634444611534,0,1.13424135267759,3.35181711451996,1,3.25181711451996
58,4,4.00916694113788,0,1.89815302091073,3.40181711451996,1,3.25181711451996
59,1,2.55078621874589,0,2.32150990581579,4.22997250894417,1,4.22997250894417
59,2,3.57571579347797,0,1.88738611345111,4.27997250894417,0,4.22997250894417
59,3,3.97059412174701,0,1.9645783596871,4.32997250894417,1,4.22997250894417
59,4,5.34615314388229,0,1.5875465461271,4.37997250894417,1,4.22997250894417
60,1,1.5081554215807,1,3.26031067660827,4.31412320638056,0,4.31412320638056
60,2,2.98489752111379,0,2.49714077826106,4.36412320638056,0,4.31412320638056
60,3,2.06026211851758,0,2.72715042121269,4.41412320638056,0,4.31412320638056
60,4,3.87193834821488,0,2.77932765792243,4.46412320638056,1,4.31412320638056
61,1,3.21965725689108,0,2.46552133477511,4.27087436811556,1,4.27087436811556
61,2,1.78255710050466,0,2.43825109117184,4.32087436811556,0,4.27087436811556
61,3,1.79073438469668,0,2.49364042121378,4.37087436811556,1,4.27087436811556
61,4,2.4216376082687,0,2.55284572316314,4.42087436811556,1,4.27087436811556
62,1,2.00221518297562,0,1.95796570859978,3.06153779946217,0,3.06153779946217
62,2,3.51590498341955,0,1.34066516372368,3.11153779946217,1,3.06153779946217
62,3,1.94679126057858,0,1.36383600427843,3.16153779946217,1,3.06153779946217
62,4,1.96147358588117,0,1.71697537780067,3.21153779946217,1,3.06153779946217
63,1,1.87094084648158,0,0.747325164907786,4.24191441708991,1,4.24191441708991
63,2,1.5081554215807,1,1.95611678966373,4.29191441708991,0,4.24191441708991
63,3,3.11480509850234,0,1.2665832375966,4.34191441708991,1,4.24191441708991
63,4,2.3380438193715,0,1.95897861810723,4.39191441708991,0,4.24191441708991
64,1,1.72327586237841,0,2.12461550278651,3.62333823543681,0,3.62333823543681
64,2,1.5081554215807,1,1.74343725852931,3.67333823543681,1,3.62333823543681
64,3,2.44256460343571,0,1.53012080310893,3.72333823543681,0,3.62333823543681
64,4,1.5081554215807,1,2.12419923519326,3.77333823543681,1,3.62333823543681
65,1,3.01461017569996,0,2.92591836074118,4.74604738136222,0,4.74604738136222
65,2,1.5081554215807,1,3.29744154086563,4.79604738136222,0,4.74604738136222
65,3,1.85438485778553,0,3.14661162819797,4.84604738136222,0,4.74604738136222
65,4,2.45335186874495,0,3.62626059002491,4.89604738136222,0,4.74604738136222
66,1,3.93290273791645,0,1.83418750914248,4.95531655783624,1,4.95531655783624
66,2,4.06732127540162,0,1.51888644183203,5.00531655783624,1,4.95531655783624
66,3,3.19851669485453,0,2.14313753672951,5.05531655783624,1,4.95531655783624
66,4,3.12135215161514,0,2.21168909404742,5.10531655783624,0,4.95531655783624
67,1,4.47287503319536,0,0.949795068475886,4.20844589707218,1,4.20844589707218
67,2,1.5081554215807,1,1.8383015049772,4.25844589707218,1,4.20844589707218
67,3,3.5962262948126,0,1.44194126724619,4.30844589707218,0,4.20844589707218
67,4,3.19569525143588,0,1.59136696070849,4.35844589707218,0,4.20844589707218
68,1,2.19636123201609,0,1.93853575259134,4.76624876166255,1,4.76624876166255
68,2,1.5081554215807,1,2.13602832550965,4.81624876166255,1,4.76624876166255
68,3,1.8584695749424,0,1.73789665209766,4.86624876166255,0,4.76624876166255
68,4,1.55437542602597,0,1.79827626444086,4.91624876166255,0,4.76624876166255
69,1,2.43976547323633,0,1.83009415620462,4.15325640488138,1,4.15325640488138
69,2,2.20119366366287,0,1.95448380308313,4.20325640488138,1,4.15325640488138
69,3,2.67728619941006,0,1.66706381131932,4.25325640488138,0,4.15325640488138
69,4,1.97397174553569,0,1.30660317227401,4.30325640488138,1,4.15325640488138
70,1,3.8803988919802,0,2.72327616997358,3.68428554344505,0,3.68428554344505
70,2,2.76482564706242,0,2.81424794515949,3.73428554344505,1,3.68428554344505
70,3,2.4352481793298,0,2.7440154912034,3.78428554344505,1,3.68428554344505
70,4,4.10788419828433,0,2.66591498935091,3.83428554344505,1,3.68428554344505
71,1,3.72447873987874,0,2.47201937761484,4.08908955398177,1,4.08908955398177
71,2,3.7492881737182,0,2.32083524291509,4.13908955398177,0,4.08908955398177
71,3,3.76211262501454,0,2.25913650031106,4.18908955398177,0,4.08908955398177
71,4,1.5081554215807,1,2.49180180959643,4.23908955398177,1,4.08908955398177
72,1,5.31051336272132,0,1.57279610833656,4.35748089031522,0,4.35748089031522
72,2,4.27049271208643,0,0.802725591416456,4.40748089031522,1,4.35748089031522
72,3,4.86095901967826,0,1.13101288098835,4.45748089031522,1,4.35748089031522
72,4,6.87702870161505,0,1.0393601994949,4.50748089031522,0,4.35748089031522
73,1,3.06588372034114,0,1.62422308400976,3.47086526015729,0,3.47086526015729
73,2,1.5081554215807,1,1.96067831112698,3.52086526015729,1,3.47086526015729
73,3,1.5081554215807,1,2.24582397616346,3.57086526015729,0,3.47086526015729
73,4,1.5081554215807,1,2.13616472068811,3.62086526015729,1,3.47086526015729
74,1,3.54852495976489,0,2.24106453470134,4.68416337834454,1,4.68416337834454
74,2,2.44965119611471,0,1.54992867554366,4.73416337834454,1,4.68416337834454
74,3,4.01046616087603,0,2.15731912965832,4.78416337834454,0,4.68416337834454
74,4,4.05519494176901,0,1.1941719911331,4.83416337834454,0,4.68416337834454
75,1,4.38868955930338,0,1.28622381143596,2.02996095761204,1,2.02996095761204
75,2,3.11909187976901,0,1.28643973222996,2.07996095761204,1,2.02996095761204
75,3,3.3856851769739,0,2.03961999256238,2.12996095761204,0,2.02996095761204
75,4,5.86024046092646,0,1.8841425878182,2.17996095761204,0,2.02996095761204
76,1,1.5081554215807,1,2.42489055300722,3.02432464817664,1,3.02432464817664
76,2,2.15931840026952,0,1.84352767500308,3.07432464817664,1,3.02432464817664
76,3,1.62955123657741,0,2.02103754509738,3.12432464817664,1,3.02432464817664
76,4,2.14218175127164,0,2.06850019154348,3.17432464817664,0,3.02432464817664
77,1,2.36566198339813,0,2.19261071721849,4.25278278558551,1,4.25278278558551
77,2,2.08252425797034,0,2.10496200623042,4.30278278558551,0,4.25278278558551
77,3,1.5081554215807,1,2.20517958290658,4.35278278558551,1,4.25278278558551
77,4,1.5081554215807,1,2.10211140485,4.40278278558551,1,4.25278278558551
78,1,6.4920346968056,0,0.477113955621841,4.58336528118457,1,4.58336528118457
78,2,5.52956299581724,0,0.96079471634307,4.63336528118456,0,4.58336528118457
78,3,4.99972112427174,0,0.658421879283317,4.68336528118456,0,4.58336528118457
78,4,5.04231658706695,0,1.03588922420162,4.73336528118457,0,4.58336528118457
79,1,3.52890188094871,0,1.93151721641994,5.36104054803811,1,5.36104054803811
79,2,4.36589445286443,0,2.04957958375267,5.41104054803811,1,5.36104054803811
79,3,2.2819296121846,0,2.20889940094016,5.46104054803811,1,5.36104054803811
79,4,1.5081554215807,1,2.38601198520305,5.51104054803811,1,5.36104054803811
80,1,4.28470221064241,0,1.3091453361714,4.78921586219765,0,4.78921586219765
80,2,4.66270205963366,0,1.19259381880128,4.83921586219765,0,4.78921586219765
80,3,2.74054604591847,0,1.3850883462833,4.88921586219765,1,4.78921586219765
80,4,2.66318414029416,0,0.981664802147567,4.93921586219765,0,4.78921586219765
81,1,3.03636974594463,0,1.47168997889089,5.52787421685044,1,5.52787421685044
81,2,3.22143560613876,0,1.13282131147236,5.57787421685044,1,5.52787421685044
81,3,3.70928934685886,0,0.670277074070167,5.62787421685044,0,5.52787421685044
81,4,3.51192283617724,0,0.757541916732546,5.67787421685044,1,5.52787421685044
82,1,2.8088217316321,0,1.82437555305452,3.94380461973307,0,3.94380461973307
82,2,4.343912979159,0,1.19515798224099,3.99380461973307,0,3.94380461973307
82,3,2.89734986176235,0,1.97910210327405,4.04380461973307,1,3.94380461973307
82,4,4.57505536957452,0,1.95851175762184,4.09380461973307,1,3.94380461973307
83,1,4.19073579171512,0,1.30902579995659,2.82657883280834,1,2.82657883280834
83,2,3.48473499700148,0,1.61623915098158,2.87657883280834,1,2.82657883280834
83,3,2.89007305769756,0,1.71934286003158,2.92657883280834,1,2.82657883280834
83,4,2.78347406645113,0,1.79149223996479,2.97657883280834,1,2.82657883280834
84,1,3.02718373329113,0,1.99112643705119,3.60274228464576,0,3.60274228464576
84,2,2.87116710891456,0,2.55846087061026,3.65274228464576,0,3.60274228464576
84,3,2.33310842417824,0,2.84755916325989,3.70274228464576,1,3.60274228464576
84,4,1.5081554215807,1,2.64254498081015,3.75274228464576,1,3.60274228464576
85,1,1.805890281752,0,2.05398103704419,4.03606264828175,0,4.03606264828175
85,2,4.15970691152182,0,2.20608131305946,4.08606264828175,0,4.03606264828175
85,3,1.67721222469329,0,2.41964795301362,4.13606264828175,1,4.03606264828175
85,4,3.12984055254065,0,2.31068203615139,4.18606264828175,1,4.03606264828175
86,1,2.92748355000542,0,0.903110147497504,4.81516919857928,1,4.81516919857928
86,2,3.75492935055682,0,1.1738703374814,4.86516919857928,0,4.81516919857928
86,3,3.59670915380899,0,1.73187678249859,4.91516919857928,1,4.81516919857928
86,4,4.77537161728139,0,2.0811170808445,4.96516919857928,1,4.81516919857928
87,1,3.5255583152876,0,1.98692765657528,2.47658736240688,0,2.47658736240688
87,2,2.84506991136112,0,1.86837326246032,2.52658736240688,1,2.47658736240688
87,3,3.80684346982207,0,1.33658287005591,2.57658736240688,0,2.47658736240688
87,4,4.02028465512471,0,1.16168618946731,2.62658736240688,0,2.47658736240688
88,1,2.98238420976484,0,2.56684336872952,3.16917874015001,1,3.16917874015001
88,2,4.27009556006174,0,2.66517905196324,3.21917874015001,1,3.16917874015001
88,3,3.81540903450365,0,3.0373498346508,3.26917874015001,1,3.16917874015001
88,4,3.46480163772336,0,3.15919886379524,3.31917874015001,0,3.16917874015001
89,1,3.79364876948137,0,1.32248716523753,3.44832073381803,1,3.44832073381803
89,2,4.46772534286059,0,1.83077705109399,3.49832073381803,0,3.44832073381803
89,3,4.84863173682206,0,1.42444011183037,3.54832073381803,1,3.44832073381803
89,4,3.76035747804141,0,1.6663062253072,3.59832073381803,1,3.44832073381803
90,1,2.86171395248609,0,1.97735562269495,2.9004523770949,1,2.9004523770949
90,2,2.1075274368999,0,2.03376452675753,2.9504523770949,1,2.9004523770949
90,3,4.00760875424183,0,2.11002889499279,3.0004523770949,0,2.9004523770949
90,4,2.01327466153329,0,2.06019753126375,3.0504523770949,0,2.9004523770949
91,1,1.53736713649892,0,2.53567370456262,4.25450423667947,0,4.25450423667947
91,2,1.5081554215807,1,2.44276621980345,4.30450423667947,1,4.25450423667947
91,3,1.5081554215807,1,1.73550382235266,4.35450423667947,1,4.25450423667947
91,4,1.97774793194545,0,1.67497848004475,4.40450423667948,0,4.25450423667947
92,1,2.88186408298469,0,1.83621153639532,5.28870271726835,0,5.28870271726835
92,2,3.43802912505476,0,2.27974732518374,5.33870271726835,0,5.28870271726835
92,3,2.15826665547847,0,2.24748111017897,5.38870271726835,1,5.28870271726835
92,4,2.06639824879119,0,2.77669419895216,5.43870271726835,1,5.28870271726835
93,1,4.84611880154721,0,1.72871472459784,2.99435280188526,0,2.99435280188526
93,2,4.00861585381087,0,2.09034700749392,3.04435280188526,1,2.99435280188526
93,3,5.3318837368716,0,1.70521028323598,3.09435280188526,0,2.99435280188526
93,4,4.17265691020793,0,1.27155423405786,3.14435280188526,1,2.99435280188526
94,1,2.80087467267807,0,2.25157209391565,4.76551669565199,1,4.76551669565199
94,2,2.99674859151381,0,1.87472536994081,4.81551669565199,1,4.76551669565199
94,3,1.5081554215807,1,1.99108591787488,4.86551669565199,1,4.76551669565199
94,4,3.57210622078719,0,2.15415375500888,4.91551669565199,1,4.76551669565199
95,1,3.42852360476079,0,1.51820443321896,4.0376773479218,0,4.0376773479218
95,2,3.31940176455359,0,1.7094608720571,4.0876773479218,1,4.0376773479218
95,3,2.72736330885417,0,1.83250903810121,4.1376773479218,0,4.0376773479218
95,4,1.89667317238129,0,1.42089545812424,4.1876773479218,1,4.0376773479218
96,1,1.65773383980247,0,2.89990534161744,4.36364780914122,1,4.36364780914122
96,2,3.70005469767492,0,1.70312851152916,4.41364780914122,1,4.36364780914122
96,3,3.96802534904969,0,1.8324721725398,4.46364780914122,0,4.36364780914122
96,4,5.20808976897517,0,0.884929505140441,4.51364780914122,0,4.36364780914122
97,1,5.77965327926169,0,1.13624796378297,2.79940805929724,1,2.79940805929724
97,2,5.77329278923073,0,0.59057933053464,2.84940805929724,0,2.79940805929724
97,3,5.62099782276667,0,0.534448856509386,2.89940805929724,0,2.79940805929724
97,4,4.25447039396485,0,0.388291194853537,2.94940805929724,1,2.79940805929724
98,1,4.05089261526127,0,0.805704515419113,4.71538807794948,1,4.71538807794948
98,2,4.79835949201921,0,0.910287292463591,4.76538807794948,0,4.71538807794948
98,3,2.5907102622639,0,1.67448579009236,4.81538807794948,1,4.71538807794948
98,4,1.82982373467103,0,1.07258666787726,4.86538807794948,1,4.71538807794948
99,1,1.5081554215807,1,1.88646453216004,4.85721742072763,1,4.85721742072763
99,2,1.5081554215807,1,2.42137364106099,4.90721742072763,1,4.85721742072763
99,3,1.5081554215807,1,2.18404857338493,4.95721742072763,0,4.85721742072763
99,4,1.5081554215807,1,3.25660426906336,5.00721742072763,0,4.85721742072763
100,1,1.84423856424362,0,2.11025038625659,4.48351684372725,1,4.48351684372725
100,2,2.8881631990799,0,1.84791716660366,4.53351684372725,0,4.48351684372725
100,3,3.42662729960492,0,1.74391992335478,4.58351684372725,0,4.48351684372725
100,4,2.30886726175116,0,1.99093381891897,4.63351684372725,1,4.48351684372725
